360;lego_battles_fla.Worlds_1
347;lego_battles_fla.mcDropDown_90
342;lego_battles_fla.grips_91
328;lego_battles_fla.mcNavButtons_72
327;lego_battles_fla.btnBuyNow_87
324;lego_battles_fla.btnSupport_85
321;lego_battles_fla.btnCredits_83
318;lego_battles_fla.btnGallery_81
315;lego_battles_fla.btnTrailer_79
312;lego_battles_fla.btnDownloads_77
309;lego_battles_fla.btnStory_75
306;lego_battles_fla.btnCharacters_73
303;lego_battles_fla.mcPiratesBanner_68
302;lego_battles_fla.mcPirateShake_71
277;lego_battles_fla.mcNavButtons_45
276;lego_battles_fla.btnBuyNow_60
273;lego_battles_fla.btnSuport_58
270;lego_battles_fla.btnCredits_56
267;lego_battles_fla.btnGallery_54
264;lego_battles_fla.btnTrailer_52
261;lego_battles_fla.btnDownloads_50
258;lego_battles_fla.btnStory_48
255;lego_battles_fla.btnCharacters_46
252;lego_battles_fla.mcCastleBanner_41
251;lego_battles_fla.btnStartCastleGlint_43
218;lego_battles_fla.mcNavBg_17
217;lego_battles_fla.btnBuyNow_32
211;lego_battles_fla.btnSupport_30
205;lego_battles_fla.btnCredits_28
199;lego_battles_fla.btnGallery_26
193;lego_battles_fla.btnTrailer_24
187;lego_battles_fla.btnDownloads_22
181;lego_battles_fla.btnStory_20
175;lego_battles_fla.btnCharacters_18
169;lego_battles_fla.mcSpaceBanner_12
168;lego_battles_fla.mcStartSpaceEclipse_15
164;lego_battles_fla.mcStartSpaceGlow_13
140;lego_battles_fla.worldNavLeft_3
137;lego_battles_fla.worldNavRight_2
126;com.illusionFactory.lego.MuteToggle
122;ViewStart
118;GalleryBorder
116;com.illusionFactory.lego.ProjectShell
115;ViewCharacters
110;ViewGallery
98;ViewStory
93;com.illusionFactory.lego.CharacterShell
92;ViewSupport
89;ViewDownloads
83;lego_battles_fla.mcDownloadSizes_112
65;ViewCredits
58;com.illusionFactory.lego.DownloadShell
52;ViewTrailer
51;MuteButton
50;MuteButtonOn
49;MuteButtonOnDisabled
47;MuteButtonOnDown
46;MuteButtonOnOver
45;MuteButtonOnNormal
43;MuteButtonOff
42;MuteButtonOffDisabled
40;MuteButtonOffDown
38;MuteButtonOffOver
37;MuteButtonOffNormal
35;PlayPauseButton
34;PlayButton
33;PlayButtonDisabled
31;PlayButtonDown
30;PlayButtonOver
29;PlayButtonNormal
27;PauseButton
26;PauseButtonDown
25;PauseButtonOver
24;PauseButtonDisabled
22;PauseButtonNormal
20;SeekBar
19;SeekBarHandle
15;fl.video.FLVPlayback
14;fl.video.Icon
6;Castle_ambient
5;Castle_dropdown
4;Pirates_ambient
3;Pirates_dropdown
2;Space_ambient
1;Space_dropdown
0;com.illusionFactory.lego.Main
